South Australia,,
Area of Operation,Suburb,Post Code
SA: ADELAIDE REGION,,
Adelaide Inner Metro,ADELAIDE,5000
,ADELAIDE,5001
,NORTH ADELAIDE,5006
,BOWDEN,5007
,BROMPTON,5007
,HINDMARSH,5007
,WELLAND,5007
,WEST HINDMARSH,5007
,CROYDON,5008
,DEVON PARK,5008
,RENOWN PARK,5008
,RIDLEYTON,5008
,WEST CROYDON,5008
,ALLENBY GARDENS,5009
,BEVERLEY,5009
,KILKENNY,5009
,WOODVILLE,5011
,WOODVILLE PARK,5011
,WOODVILLE SOUTH,5011
,WOODVILLE WEST,5011
,ATHOL PARK,5012
,WOODVILLE NORTH,5012
,PENNINGTON,5013
,ROSEWATER,5013
,ROSEWATER EAST,5013
,ALBERT PARK,5014
,CHELTENHAM,5014
,HENDON,5014
,ROYAL PARK,5014
,SEMAPHORE PARK,5019
,WEST LAKES SHORE,5020
,WEST LAKES,5021
,GRANGE,5022
,HENLEY BEACH,5022
,HENLEY BEACH SOUTH,5022
,TENNYSON,5022
,FINDON,5023
,SEATON,5023
,FULHAM,5024
Adelaide Inner Metro,,
,FULHAM GARDENS,5024
,WEST BEACH,5024
,FLINDERS PARK,5025
,KIDMAN PARK,5025
,MILE END,5031
,MILE END SOUTH,5031
,THEBARTON,5031
,TORRENSVILLE,5031
,BROOKLYN PARK,5032
,LOCKLEYS,5032
,UNDERDALE,5032
,COWANDILLA,5033
,HILTON,5033
,MARLESTON,5033
,RICHMOND,5033
,WEST RICHMOND,5033
,CLARENCE PARK,5034
,GOODWOOD,5034
,KINGS PARK,5034
,MILLSWOOD,5034
,WAYVILLE,5034
,ASHFORD,5035
,BLACK FOREST,5035
,EVERARD PARK,5035
,FORESTVILLE,5035
,KESWICK,5035
,GLANDORE,5037
,KURRALTA PARK,5037
,NETLEY,5037
,NORTH PLYMPTON,5037
,CAMDEN PARK,5038
,PLYMPTON,5038
,NOVAR GARDENS,5040
,GLENELG NORTH,5045
,HYDE PARK,5061
,MALVERN,5061
,UNLEY,5061
,UNLEY PARK,5061
,EASTWOOD,5063
,FREWVILLE,5063
,FULLARTON,5063
,HIGHGATE,5063
,PARKSIDE,5063
Adelaide Inner Metro,,
,GLEN OSMOND,5064
,GLENUNGA,5064
,MOUNT OSMOND,5064
,MYRTLE BANK,5064
,ST GEORGES,5064
,DULWICH,5065
,GLENSIDE,5065
,LINDEN PARK,5065
,TOORAK GARDENS,5065
,TUSMORE,5065
,BEAUMONT,5066
,BURNSIDE,5066
,ERINDALE,5066
,HAZELWOOD PARK,5066
,STONYFELL,5066
,WATERFALL GULLY,5066
,WATTLE PARK,5066
,BEULAH PARK,5067
,KENT TOWN,5067
,NORWOOD,5067
,NORWOOD SOUTH,5067
,ROSE PARK,5067
,HEATHPOOL,5068
,KENSINGTON,5068
,KENSINGTON GARDENS,5068
,KENSINGTON PARK,5068
,LEABROOK,5068
,MARRYATVILLE,5068
,ST MORRIS,5068
,TRINITY GARDENS,5068
,COLLEGE PARK,5069
,EVANDALE,5069
,HACKNEY,5069
,MAYLANDS,5069
,ST PETERS,5069
,STEPNEY,5069
,FELIXSTOW,5070
,FIRLE,5070
,GLYNDE,5070
,JOSLIN,5070
,MARDEN,5070
,PAYNEHAM,5070
,PAYNEHAM SOUTH,5070
Adelaide Inner Metro,,
,ROYSTON PARK,5070
,AULDANA,5072
,MAGILL,5072
,MAGILL NORTH,5072
,ROSSLYN PARK,5072
,SKYE,5072
,TERINGIE,5072
,WOODFORDE,5072
,ROSTREVOR,5073
,COLLINSWOOD,5081
,GILBERTON,5081
,MEDINDIE,5081
,MEDINDIE GARDENS,5081
,VALE PARK,5081
,WALKERVILLE,5081
,FITZROY,5082
,OVINGHAM,5082
,PROSPECT,5082
,PROSPECT EAST,5082
,THORNGATE,5082
,BROADVIEW,5083
,NAILSWORTH,5083
,SEFTON PARK,5083
,UPPER HERMITAGE,5131
,PARACOMBE,5132
,SUMMERTOWN,5141
,URAIDLA,5142
,WOODSIDE,5244
,VERDUN,5245
,ADELAIDE AIRPORT,5950
Adelaide Inner North,CROYDON PARK,5008
,DUDLEY PARK,5008
,ANGLE PARK,5010
,FERRYDEN PARK,5010
,REGENCY PARK,5010
,MANSFIELD PARK,5012
,WOODVILLE GARDENS,5012
,GILLMAN,5013
,OTTOWAY,5013
,WINGFIELD,5013
,ALBERTON,5014
,QUEENSTOWN,5014
,BIRKENHEAD,5015
Adelaide Inner North,,
,ETHELTON,5015
,GLANVILLE,5015
,NEW PORT,5015
,PORT ADELAIDE,5015
,LARGS BAY,5016
,LARGS NORTH,5016
,PETERHEAD,5016
,OSBORNE,5017
,TAPEROO,5017
,NORTH HAVEN,5018
,OUTER HARBOR,5018
,EXETER,5019
,SEMAPHORE,5019
,SEMAPHORE SOUTH,5019
,HECTORVILLE,5073
,TRANMERE,5073
,TRANMERE NORTH,5073
,CAMPBELLTOWN,5074
,NEWTON,5074
,DERNANCOURT,5075
,PARADISE,5075
,ATHELSTONE,5076
,BLAIR ATHOL,5084
,KILBURN,5084
,KILBURN NORTH,5084
,CLEARVIEW,5085
,ENFIELD,5085
,ENFIELD PLAZA,5085
,NORTHFIELD,5085
,NORTHGATE,5085
,GILLES PLAINS,5086
,GREENACRES,5086
,HAMPSTEAD GARDENS,5086
,HILLCREST,5086
,MANNINGHAM,5086
,OAKDEN,5086
,KLEMZIG,5087
,WINDSOR GARDENS,5087
,HOLDEN HILL,5088
,HIGHBURY,5089
,HOPE VALLEY,5090
,BANKSIA PARK,5091
,TEA TREE GULLY,5091
Adelaide Inner North,,
,VISTA,5091
,MODBURY,5092
,MODBURY HEIGHTS,5092
,MODBURY NORTH,5092
,PARA VISTA,5093
,VALLEY VIEW,5093
,CAVAN,5094
,DRY CREEK,5094
,GEPPS CROSS,5094
,MAWSON LAKES,5095
,POORAKA,5095
,GULFVIEW HEIGHTS,5096
,PARA HILLS,5096
,PARA HILLS WEST,5096
,REDWOOD PARK,5097
,RIDGEHAVEN,5097
,ST AGNES,5097
,INGLE FARM,5098
,WALKLEY HEIGHTS,5098
,PARAFIELD,5106
,SALISBURY SOUTH,5106
,GREEN FIELDS,5107
,PARAFIELD GARDENS,5107
,PARALOWIE,5108
,SALISBURY,5108
,SALISBURY DOWNS,5108
,SALISBURY NORTH,5108
,BRAHMA LODGE,5109
,SALISBURY EAST,5109
,SALISBURY HEIGHTS,5109
,SALISBURY PARK,5109
,SALISBURY PLAIN,5109
,BOLIVAR,5110
,BURTON,5110
,DIREK,5110
,GLOBE DERBY PARK,5110
,ST KILDA,5110
,WATERLOO CORNER,5110
,EDINBURGH,5111
,ELIZABETH VALE,5112
,GOULD CREEK,5114
,ONE TREE HILL,5114
,GOLDEN GROVE,5125
Adelaide Inner North,,
,GREENWITH,5125
,FAIRVIEW PARK,5126
,SURREY DOWNS,5126
,YATALA VALE,5126
,WYNN VALE,5127
Adelaide Inner South,PLYMPTON PARK,5038
,SOUTH PLYMPTON,5038
,CLARENCE GARDENS,5039
,EDWARDSTOWN,5039
,MELROSE PARK,5039
,COLONEL LIGHT GARDENS,5041
,CUMBERLAND PARK,5041
,DAW PARK,5041
,PANORAMA,5041
,WESTBOURNE PARK,5041
,BEDFORD PARK,5042
,CLOVELLY PARK,5042
,PASADENA,5042
,ST MARYS,5042
,ASCOT PARK,5043
,MARION,5043
,MITCHELL PARK,5043
,MORPHETTVILLE,5043
,PARK HOLME,5043
,GLENGOWRIE,5044
,SOMERTON PARK,5044
,GLENELG,5045
,GLENELG EAST,5045
,GLENELG SOUTH,5045
,OAKLANDS PARK,5046
,WARRADALE,5046
,WARRADALE NORTH,5046
,DARLINGTON,5047
,SEACOMBE GARDENS,5047
,SEACOMBE HEIGHTS,5047
,STURT,5047
,BRIGHTON,5048
,DOVER GARDENS,5048
,HOVE,5048
,NORTH BRIGHTON,5048
,SOUTH BRIGHTON,5048
,KINGSTON PARK,5049
,MARINO,5049
Adelaide Inner South,,
,SEACLIFF,5049
,SEACLIFF PARK,5049
,SEAVIEW DOWNS,5049
,BELLEVUE HEIGHTS,5050
,EDEN HILLS,5050
,BLACKWOOD,5051
,COROMANDEL VALLEY,5051
,CRAIGBURN FARM,5051
,HAWTHORNDENE,5051
,BELAIR,5052
,GLENALTA,5052
,CLAPHAM,5062
,HAWTHORN,5062
,KINGSWOOD,5062
,LOWER MITCHAM,5062
,LYNTON,5062
,MITCHAM,5062
,NETHERBY,5062
,SPRINGFIELD,5062
,TORRENS PARK,5062
,URRBRAE,5064
,LEAWOOD GARDENS,5150
,CRAFERS,5152
,CRAFERS WEST,5152
,UPPER STURT,5156
,HALLETT COVE,5158
,O'HALLORAN HILL,5158
,SHEIDOW PARK,5158
,TROTT PARK,5158
Adelaide Outer East,CASTAMBUL,5076
,HOUGHTON,5131
,LOWER HERMITAGE,5131
,INGLEWOOD,5133
,CHERRYVILLE,5134
,MONTACUTE,5134
,NORTON SUMMIT,5136
,ASHTON,5137
,MARBLE HILL,5137
,BASKET RANGE,5138
,FOREST RANGE,5139
,GREENHILL,5140
,CAREY GULLY,5144
,PICCADILLY,5151
Adelaide Outer East,,
,STIRLING,5152
,BRADBURY,5153
,CHAPEL HILL,5153
,HEATHFIELD,5153
,LONGWOOD,5153
,MYLOR,5153
,SCOTT CREEK,5153
,ALDGATE,5154
,BRIDGEWATER,5155
,MOUNT GEORGE,5155
,CHAIN OF PONDS,5231
,KERSBROOK,5231
,MILLBROOK,5231
,CUDLEE CREEK,5232
,FORRESTON,5233
,GUMERACHA,5233
,BIRDWOOD,5234
,LENSWOOD,5240
,LOBETHAL,5241
,BALHANNAH,5242
,OAKBANK,5243
,CHARLESTON,5244
,INVERBRACKIE,5244
,MOUNT TORRENS,5244
Adelaide Outer North,ELIZABETH,5112
,ELIZABETH EAST,5112
,ELIZABETH GROVE,5112
,ELIZABETH SOUTH,5112
,HILLBANK,5112
,DAVOREN PARK,5113
,DAVOREN PARK SOUTH,5113
,ELIZABETH DOWNS,5113
,ELIZABETH NORTH,5113
,ELIZABETH PARK,5113
,ELIZABETH WEST,5113
,MACDONALD PARK,5121
,PENFIELD,5121
,PENFIELD GARDENS,5121
,REGENCY PARK,5942
Adelaide Outer South,IRONBANK,5153
,CHERRY GARDENS,5157
,CLARENDON,5157
,COROMANDEL EAST,5157
Adelaide Outer South,,
,KANGARILLA,5157
,ABERFOYLE PARK,5159
,CHANDLERS HILL,5159
,FLAGSTAFF HILL,5159
,HAPPY VALLEY,5159
,LONSDALE,5160
,OLD REYNELLA,5161
,REYNELLA,5161
,REYNELLA EAST,5161
,MORPHETT VALE,5162
,WOODCROFT,5162
,HACKHAM,5163
,HACKHAM WEST,5163
,HUNTFIELD HEIGHTS,5163
,ONKAPARINGA HILLS,5163
,CHRISTIE DOWNS,5164
,CHRISTIES BEACH,5165
,CHRISTIES BEACH NORTH,5165
,O'SULLIVAN BEACH,5166
,PORT NOARLUNGA,5167
,PORT NOARLUNGA SOUTH,5167
,NOARLUNGA DOWNS,5168
,OLD NOARLUNGA,5168
,MOANA,5169
,SEAFORD,5169
,SEAFORD MEADOWS,5169
,SEAFORD RISE,5169
,MASLIN BEACH,5170
,BLEWITT SPRINGS,5171
,MCLAREN FLAT,5171
,MCLAREN VALE,5171
,TATACHILLA,5171
,KUITPO,5172
,KUITPO COLONY,5172
,WHITES VALLEY,5172
,WILLUNGA,5172
,WILLUNGA HILL,5172
,WILLUNGA SOUTH,5172
,YUNDI,5172
,ALDINGA,5173
,ALDINGA BEACH,5173
,PORT WILLUNGA,5173
,SELLICKS BEACH,5174
Adelaide Outer South,,
,SELLICKS HILL,5174
,PROSPECT HILL,5201
,HINDMARSH TIERS,5202
,MYPONGA,5202
,MYPONGA BEACH,5202
Gawler,KUDLA,5115
,EVANSTON,5116
,EVANSTON GARDENS,5116
,EVANSTON PARK,5116
,EVANSTON SOUTH,5116
,HILLIER,5116
,BIBARINGA,5118
,GAWLER,5118
,GAWLER EAST,5118
,GAWLER SOUTH,5118
,GAWLER WEST,5118
,REID,5118
,WILLASTON,5118
Playford,ANDREWS FARM,5114
,BLAKEVIEW,5114
,CRAIGMORE,5114
,SAMPSON FLAT,5114
,SMITHFIELD,5114
,SMITHFIELD PLAINS,5114
,ULEYBURY,5114
,YATTALUNGA,5114
,MUNNO PARA,5115
,MUNNO PARA DOWNS,5115
,MUNNO PARA WEST,5115
,ANGLE VALE,5117
,BUCKLAND PARK,5120
,VIRGINIA,5120
SA: EYRE REGION,,
Ceduna,PIMBAACLA,5661
,SMOKY BAY,5680
,CEDUNA,5690
,KOONIBBA,5690
,THEVENARD,5690
Cleve,ARNO BAY,5603
,CLEVE,5640
Cowell,COWELL,5602
Kimba,BUCKLEBOO,5641
,KIMBA,5641
Kimba,,
,COOTRA,5650
Port Lincoln,TUMBY BAY,5605
,PORT LINCOLN,5606
,COFFIN BAY,5607
,LOUTH BAY,5607
,MURDINGA,5607
,NORTH SHIELDS,5607
,PORT LINCOLN,5607
,SHERINGA,5607
,VENUS BAY,5607
,WANGARY,5607
,COCKALEECHIE,5631
,CUMMINS,5631
,LOCK,5633
,ELLISTON,5670
,PORT KENNY,5671
Streaky Bay,POOCHERA,5655
,HASLAM,5680
,PERLUBIE,5680
,STREAKY BAY,5680
Wudinna,WARRAMBOO,5650
,WUDINNA,5652
,MINNIPA,5654
SA: KANGAROO ISLAND REGION,,
Kangaroo Island,PARNDANA,5220
,AMERICAN RIVER,5221
,BALLAST HEAD,5221
,MUSTON,5221
,ANTECHAMBER BAY,5222
,BAUDIN BEACH,5222
,CUTTLEFISH BAY,5222
,DUDLEY EAST,5222
,DUDLEY WEST,5222
,IRONSTONE,5222
,ISLAND BEACH,5222
,KANGAROO HEAD,5222
,PELICAN LAGOON,5222
,PENNESHAW,5222
,PORKY FLAT,5222
,SAPPHIRETOWN,5222
,WILLOUGHBY,5222
,WILLSON RIVER,5222
,BAY OF SHOALS,5223
Kangaroo Island,,
,BIRCHMORE,5223
,CAPE BORDA,5223
,CASSINI,5223
,CYGNET RIVER,5223
,D'ESTREES BAY,5223
,DE MOLE RIVER,5223
,DUNCAN,5223
,EMU BAY,5223
,FLINDERS CHASE,5223
,GOSSE,5223
,HAINES,5223
,KARATTA,5223
,KINGSCOTE,5223
,KOHINOOR,5223
,MACGILLIVRAY,5223
,MENZIES,5223
,MIDDLE RIVER,5223
,NEPEAN BAY,5223
,NEWLAND,5223
,NORTH CAPE,5223
,SEAL BAY,5223
,SEDDON,5223
,STOKES BAY,5223
,STUN'SAIL BOOM,5223
,VIVONNE BAY,5223
,WESTERN RIVER,5223
,WISANGER,5223
SA: MURRAY LANDS REGION,,
Berri Barmera,MONASH,5342
,BERRI,5343
,GERARD,5343
,WINKIE,5343
,GLOSSOP,5344
,BARMERA,5345
,LOVEDAY,5345
,COBDOGLA,5346
,KONGOLIA,5353
,NAIDIA,5354
,PUNYELROO,5354
Coorong,NARRUNG,5259
,TAILEM BEND,5259
,TAILEM BEND,5260
,COOKE PLAINS,5261
Coorong,,
,COOMANDOOK,5261
,YUMALI,5261
,MENINGIE,5264
,COONALPYN,5265
,TINTINARA,5266
,JABUK,5301
,PEAKE,5301
,SHERLOCK,5301
Loxton,PEEBINGA,5304
,CALIPH,5310
,ALAWOONA,5311
,BILLIATT,5311
,BUGLE HUT,5311
,MAGGEA,5311
,MALPAS,5311
,MERIBAH,5311
,PARUNA,5311
,TALDRA,5311
,TAPLAN,5311
,VEITCH,5311
,WUNKAR,5311
,MURBKO,5320
,GOLDEN HEIGHTS,5322
,QUALCO,5322
,RAMCO,5322
,RAMCO HEIGHTS,5322
,SUNLANDS,5322
,LOWBANK,5330
,KINGSTON ON MURRAY,5331
,MOOROOK,5332
,LOXTON,5333
,LOXTON NORTH,5333
,PYAP,5333
,NOTTS WELL,5357
,PAISLEY,5357
Mallee,BOWHILL,5238
,GERANIUM,5301
,PARRAKIE,5301
,WILKAWATT,5301
,WYNARKA,5306
,KAROONDA,5307
,MARAMA,5307
,COPEVILLE,5308
Mallee,,
,GALGA,5308
,MANTUNG,5308
,MERCUNDA,5308
,PERPONDA,5308
,BORRIKA,5309
,HALIDON,5309
,MINDARIE,5309
,SANDALWOOD,5309
,WANBI,5310
,BAKARA,5354
,BAKARA WELL,5354
Mannum,TUNGKILLO,5236
,APAMURRA,5237
,MILENDELLA,5237
,PALMER,5237
,SANDERSTON,5237
,COWIRRA,5238
,MANNUM,5238
,NILDOTTIE,5238
,PORT MANNUM,5238
,PUNTHARI,5238
,PURNONG LANDING,5238
,WALKER FLAT,5238
,WONGULLA,5238
,YOUNGHUSBAND,5238
,CALOOTE,5254
,BEATTY,5320
,BRENDA PARK,5320
,EBA,5320
,LINDLEY,5320
,MAUDE,5320
,MORGAN,5320
,NORTH WEST BEND,5320
,STUART,5320
,CADELL,5321
,BLACK HILL,5353
,CAMBRAI,5353
,KEYNETON,5353
,SEDAN,5353
,TOWITTA,5353
,FISHER,5354
,GREENWAYS LANDING,5354
,LANGS LANDING,5354
Mannum,,
,MARKS LANDING,5354
,SWAN REACH,5354
,TRURO,5356
,BLANCHETOWN,5357
,BOWER,5374
,MOUNT MARY,5374
Murray Bridge,BUGLE RANGES,5251
,HAY VALLEY,5252
,ST IVES,5252
,GIFFORD HILL,5253
,LONG FLAT,5253
,MURRAY BRIDGE,5253
,MURRAY BRIDGE EAST,5253
,MURRAY BRIDGE SOUTH,5253
,NORTHERN HEIGHTS,5253
,RIVERGLADES,5253
,SUNNYSIDE,5253
,SWANPORT,5253
,WHITE SANDS,5253
,WOODS POINT,5253
,MONARTO,5254
,MONARTO SOUTH,5254
,MURRAY BRIDGE,5254
,MYPOLONGA,5254
,JERVOIS,5259
,WELLINGTON,5259
,WELLINGTON EAST,5259
Pinnaroo,LAMEROO,5302
,PARILLA,5303
,PINNAROO,5304
Renmark,PARINGA,5340
,COOLTONG,5341
,RENMARK,5341
,RENMARK NORTH,5341
,RENMARK SOUTH,5341
,LYRUP,5343
Waikerie,WAIKERIE,5276
SA: NORTHERN REGION,,
Jamestown,MANNANARIE,5422
,TARCOWIE,5431
,ANDREWS,5454
,SPALDING,5454
,WASHPOOL,5454
Jamestown,,
,YACKA,5470
,GULNARE,5471
,BELALIE EAST,5491
,BELALIE NORTH,5491
,HORNSDALE,5491
,JAMESTOWN,5491
Orroroo,ERSKINE,5422
,YATINA,5422
,ORROROO,5431
,CARRIETON,5432
Peterborough,FRANKLYN,5421
,TEROWIE,5421
,CAVENAGH,5422
,DAWSON,5422
,HARDY,5422
,MINVALARA,5422
,OODLA WIRRA,5422
,PARATOO,5422
,PARNAROO,5422
,PETERBOROUGH,5422
,SUNNYBRAE,5422
,UCOLTA,5422
,YONGALA,5493
Port Augusta,BLANCHE HARBOR,5700
,PORT AUGUSTA,5700
,PORT AUGUSTA NORTH,5700
,PORT AUGUSTA WEST,5700
,PORT AUGUSTA,5710
,STIRLING NORTH,5710
,TARCOOLA,5710
Port Pirie,HAMMOND,5431
,WILLOWIE,5431
,KOOLUNGA,5464
,GEORGETOWN,5472
,GLADSTONE,5473
,APPILA,5480
,LAURA,5480
,MURRAY TOWN,5481
,WIRRABARA,5481
,BOOLEROO CENTRE,5482
,MELROSE,5483
,WILMINGTON,5485
,CALTOWIE,5490
Port Pirie,,
,PORT GERMEIN,5495
,REDHILL,5521
,CRYSTAL BROOK,5523
,NAPPERBY,5540
,PORT PIRIE,5540
,PORT PIRIE SOUTH,5540
,PORT PIRIE WEST,5540
,RISDON PARK,5540
,RISDON PARK SOUTH,5540
,SOLOMONTOWN,5540
,WARNERTOWN,5540
,WINNINOWIE,5710
Quorn,CRADOCK,5432
,MOOCKRA,5432
,QUORN,5433
,HAWKER,5434
Whyalla,WHYALLA,5600
,WHYALLA PLAYFORD,5600
,IRON KNOB,5601
,WHYALLA NORRIE,5608
,WHYALLA NORRIE EAST,5608
,WHYALLA NORRIE NORTH,5608
,WHYALLA STUART,5608
,WHYALLA JENKINS,5609
SA: OUTER ADELAIDE REGION,,
Fleurieu Peninsula,MCHARG CREEK,5157
,DINGABLEDINGA,5172
,PAGES FLAT,5172
,BALD HILLS,5203
,PARAWA,5203
,TORRENS VALE,5203
,TUNKALILLA,5203
,WATTLE FLAT,5203
,YANKALILLA,5203
,CAPE JERVIS,5204
,CARRICKALINGA,5204
,DEEP CREEK,5204
,DELAMERE,5204
,HAY FLAT,5204
,NORMANVILLE,5204
,RAPID BAY,5204
,SECOND VALLEY,5204
,SILVERTON,5204
Fleurieu Peninsula,,
,WIRRINA COVE,5204
,MOUNT COMPASS,5210
,NANGKITA,5210
,BACK VALLEY,5211
,ENCOUNTER BAY,5211
,HAYBOROUGH,5211
,HINDMARSH VALLEY,5211
,INMAN VALLEY,5211
,LOWER INMAN VALLEY,5211
,MCCRACKEN,5211
,MOUNT JAGGED,5211
,VICTOR HARBOR,5211
,WAITPINGA,5211
,WILLOW CREEK,5211
,PORT ELLIOT,5212
,MIDDLETON,5213
,CURRENCY CREEK,5214
,GOOLWA,5214
,GOOLWA BEACH,5214
,GOOLWA NORTH,5214
,GOOLWA SOUTH,5214
,HINDMARSH ISLAND,5214
,BELVIDERE,5255
,GEMMELLS,5255
,HARTLEY,5255
,HIGHLAND VALLEY,5255
,SANDERGROVE,5255
,TOOPERANG,5255
,WILLYAROO,5255
,CLAYTON BAY,5256
Mallala,PINERY,5460
,STOCKYARD CREEK,5460
,AVON,5501
,CALOMBA,5501
,DUBLIN,5501
,LEWISTON,5501
,LONG PLAINS,5501
,LOWER LIGHT,5501
,MIDDLE BEACH,5501
,PARHAM,5501
,PORT GAWLER,5501
,THOMPSON BEACH,5501
,TWO WELLS,5501
Mallala,,
,WEBB BEACH,5501
,WINDSOR,5501
,FISCHER,5502
,GRACE PLAINS,5502
,KORUNYE,5502
,MALLALA,5502
,REDBANKS,5502
,REEVES PLAINS,5502
Mount Barker,BIGGS FLAT,5153
,ECHUNGA,5153
,FLAXLEY,5153
,GREEN HILLS RANGE,5153
,JUPITER CREEK,5153
,MACCLESFIELD,5153
,BULL CREEK,5157
,MEADOWS,5201
,HARROGATE,5244
,HAHNDORF,5245
,PAECHTOWN,5245
,BLAKISTON,5250
,LITTLEHAMPTON,5250
,TOTNESS,5250
,MOUNT BARKER,5251
,MOUNT BARKER JUNCTION,5251
,MOUNT BARKER SPRINGS,5251
,MOUNT BARKER SUMMIT,5251
,WISTOW,5251
,BRUKUNGA,5252
,DAWESLEY,5252
,KANMANTOO,5252
,NAIRNE,5252
,CALLINGTON,5254
Nuriootpa,CONCORDIA,5118
,KALBEEBA,5118
,CROMER,5235
,EDEN VALLEY,5235
,FLAXMAN VALLEY,5235
,MOUNT PLEASANT,5235
,SPRINGTON,5235
,TAUNTON,5235
,SANDY CREEK,5350
,ALTONA,5351
,BAROSSA GOLDFIELDS,5351
Nuriootpa,,
,COCKATOO VALLEY,5351
,LYNDOCH,5351
,MOUNT CRAWFORD,5351
,PEWSEY VALE,5351
,WILLIAMSTOWN,5351
,BETHANY,5352
,KRONDORF,5352
,ROWLAND FLAT,5352
,TANUNDA,5352
,VINE VALE,5352
,ANGASTON,5353
,FLAXMAN VALLEY,5353
,MOCULTA,5353
,MOUNT MCKENZIE,5353
,PENRICE,5353
,SUNNYDALE,5354
,LIGHT PASS,5355
,NURIOOTPA,5355
,STOCKWELL,5355
Kapunda,BUCHFELDE,5118
,GAWLER BELT,5118
,GAWLER RIVER,5118
,HEWETT,5118
,KANGAROO FLAT,5118
,WARD BELT,5118
,ROSEDALE,5350
,DAVEYSTON,5355
,MARANANGA,5355
,SEPPELTSFIELD,5355
,GREENOCK,5360
,MORN HILL,5371
,ROSEWORTHY,5371
,SHEA-OAK LOG,5371
,TEMPLERS,5371
,FREELING,5372
,BETHEL,5373
,HAMILTON,5373
,KAPUNDA,5373
,KOONUNGA,5373
,HANSBOROUGH,5374
,PINKERTON PLAINS,5400
,WASLEYS,5400
,WOOLSHEDS,5400
Kapunda,,
,HAMLEY BRIDGE,5401
,LINWOOD,5410
Strathalbyn,ASHBOURNE,5201
,PARIS CREEK,5255
,FINNISS,5255
,LANGHORNE CREEK,5255
,STRATHALBYN,5255
,WOODCHESTER,5256
,MILANG,5330
SA: SOUTH EAST REGION,,
Bordertown,KEITH,5267
,BORDERTOWN,5268
,WOLSELEY,5269
,MUNDULLA,5270
,PADTHAWAY,5271
Kingston SE,KINGSTON SE,5275
Millicent,COONAWARRA,5263
,NANGWARRY,5277
,PENOLA,5277
,KALANGADOO,5278
,MOUNT BURR,5279
,BEACHPORT,5280
,MILLICENT,5280
,SOUTHEND,5280
,TANTANOOLA,5280
,GLENCOE,5291
Mount Gambier,TARPEENA,5277
,MOUNT GAMBIER,5290
,ALLENDALE EAST,5291
,CARPENTER ROCKS,5291
,COMPTON,5291
,DISMAL SWAMP,5291
,DONOVANS,5291
,EIGHT MILE CREEK,5291
,GLENBURNIE,5291
,KONGORONG,5291
,MOORAK,5291
,MOUNT GAMBIER,5291
,MOUNT GAMBIER EAST,5291
,MOUNT GAMBIER WEST,5291
,MOUNT SCHANK,5291
,OB FLAT,5291
,PORT MACDONNELL,5291
Mount Gambier,,
,RACECOURSE BAY,5291
,SUTTONTOWN,5291
,WORROLONG,5291
,YAHL,5291
Naracoorte,BINNUM,5262
,FRANCES,5262
,HYNAM,5262
,KYBYBOLITE,5262
,NARACOORTE,5271
,LUCINDALE,5272
,AVENUE RANGE,5273
Robe,ROBE,5311
,WOODLEIGH,5157
SA: YORK AND LOWER NORTH REGION,,
Burra,BUNDEY,5320
,BROWNLOW,5374
,BUCHANAN,5374
,EUDUNDA,5374
,FRANKTON,5374
,HAMPDEN,5374
,JULIA,5374
,NGAPALA,5374
,PEEP HILL,5374
,POINT PASS,5374
,SUTHERLANDS,5374
,BRADY CREEK,5381
,BRIGHT,5381
,GERANIUM PLAINS,5381
,HALLELUJAH HILLS,5381
,ROBERTSTOWN,5381
,ROCKY PLAIN,5381
,WORLDS END,5381
,APOINGA,5413
,FARRELL FLAT,5416
,PORTER LAGOON,5416
,BALDINA,5417
,BOOBOROWIE,5417
,BURRA,5417
,BURRA EASTERN DISTRICTS,5417
,GUM CREEK,5417
,HANSON,5417
,KOONOONA,5417
,LEIGHTON,5417
Burra,,
,MONGOLATA,5417
,NORTH BOOBOROWIE,5417
,COLLINSVILLE,5418
,MOUNT BRYAN,5418
,CANOWIE,5419
,ULOOLOO,5419
,WILLALO,5419
,CANOWIE BELT,5420
,WHYTE YARCOWIE,5420
Clare,STOCKPORT,5410
,GILES CORNER,5411
,TARLEE,5411
,NAVAN,5412
,RHYNIE,5412
,RIVERTON,5412
,BLACK SPRINGS,5413
,MARRABEL,5413
,SADDLEWORTH,5413
,STEELTON,5413
,TARNMA,5413
,TOTHILL BELT,5413
,TOTHILL CREEK,5413
,WATERLOO,5413
,MANOORA,5414
,MINTARO,5415
,AUBURN,5451
,UNDALYA,5451
,LEASINGHAM,5452
,WATERVALE,5452
,ARMAGH,5453
,CLARE,5453
,HOYLETON,5453
,KYBUNGA,5453
,PENWORTHAM,5453
,SEVENHILL,5453
,STANLEY FLAT,5453
,HILLTOWN,5455
,ANAMA,5464
,BUNGAREE,5464
,DARKE PEAK,5642
,KIELPA,5642
,RUDALL,5642
Kadina,KAINTON,5552
Kadina,,
,PASKEVILLE,5552
,SUNNYVALE,5552
,THRINGTON,5552
,CUNLIFFE,5554
,JERICHO,5554
,JERUSALEM,5554
,KADINA,5554
,MATTA FLAT,5554
,NEW TOWN,5554
,WALLAROO MINES,5554
,NORTH BEACH,5556
,WALLAROO,5556
,WARBURTO,5556
,CROSS ROADS,5558
,EAST MOONTA,5558
,HAMLEY,5558
,KOOROONA,5558
,MOONTA,5558
,MOONTA BAY,5558
,MOONTA MINES,5558
,NORTH MOONTA,5558
,NORTH YELTA,5558
,PORT HUGHES,5558
,YELTA,5558
Maitland,PRICE,5570
,ARDROSSAN,5571
,BLACK POINT,5571
,PINE POINT,5571
,TIDDY WIDDY BEACH,5571
,ARTHURTON,5572
,BALGOWAN,5573
,MAITLAND,5573
,PORT VICTORIA,5573
,BRENTWOOD,5575
,CORNY POINT,5575
,HARDWICKE BAY,5575
,MARION BAY,5575
,MINLATON,5575
,POINT TURTON,5575
,PORT RICKABY,5575
,THE PINES,5575
,WOOL BAY,5575
,YORKETOWN,5576
Maitland,,
,WAROOKA,5577
,CURRAMULKA,5580
,PORT VINCENT,5581
,STANSBURY,5582
,COOBOWIE,5583
,EDITHBURGH,5583
Port Broughton,FISHERMAN BAY,5522
,PORT BROUGHTON,5522
,ALFORD,5555
,KULPARA,5555
,MELTON,5555
,MUNDOORA,5555
,TICKERA,5555
,BUTE,5560
Port Wakefield,OWEN,5460
,BALAKLAVA,5461
,HALBURY,5461
,MOUNT TEMPLETON,5461
,BLYTH,5462
,BRINKWORTH,5464
,CONDOWIE,5464
,HART,5464
,MAROLA,5464
,ROCHESTER,5464
,WILD HORSE PLAINS,5501
,LOCHIEL,5510
,SNOWTOWN,5520
,PORT WAKEFIELD,5550
